{"mainLightColor":[0.912109375,0.6153030140488701,0.31353759765625,1],"mainLightStrength":10.18,"topColor":[1,0.92,0.81,0.3],"midColor":[1,0.91,0.82,0.19],"bottomColor":[1,0.91,0.82,0.1],"pointLights":[{"label":"tableLight","position":[-0.40000000000000013,1.520000000000001,-1.3200000000000007],"size":1.45,"color":[0.1220550537109375,0.8140600323677063,0.822265625,1],"strength":2.32,"castShadow":true,"numShadowSamples":5,"shadowScale":0.05,"sizeMesh":0.05,"showLightMesh":false,"parentIndex":1},{"label":"coffeeLight","position":[2.24,1.0500000000000007,-0.24000000000000005],"size":1.4,"color":[0.30078125,1,0,1],"strength":3.85,"castShadow":false,"numShadowSamples":2,"shadowScale":1,"sizeMesh":0.05,"showLightMesh":false,"parentIndex":0},{"label":"blueLight","position":[3.8699999999999957,1.890000000000003,-2.9100000000000037],"size":1.34,"color":[0.040086135268211365,0.5982210588990711,0.986328125,1],"strength":2.25,"castShadow":false,"numShadowSamples":2,"shadowScale":1,"sizeMesh":0.05,"showLightMesh":false,"parentIndex":0},{"label":"lightDesk","position":[0.31999999999999984,1.430000000000001,-2.799999999999988],"size":0.98,"color":[0.07114410400390625,0.5667406022548676,0.728515625,1],"strength":4.69,"castShadow":false,"numShadowSamples":2,"shadowScale":1,"sizeMesh":0.05,"showLightMesh":false,"parentIndex":2}]}