{"mainLightColor1":[1,0.5844884216785431,0.359375,10.86],"mainLightColor2":[0.06446075439453125,0.23792120814323425,0.970703125,2.68],"mainLightColor3":[1,0,0,2.51],"mainLightColor4":[0,0.9555797576904297,1,1.86],"mainLightColor5":[1,0.5697475373744965,0.2890625,10.32],"mainLightColor6":[1,0.7095780819654465,0.45703125,1.08],"topColor":[1,0.7380003981516785,0.4140625,0.17580890655517578],"midColor":[1,0.767308556786829,0.5546875,0.08596515655517578],"bottomColor":[1,0.91,0.82,0.04690265655517578],"topColorNight":[1,0.92,0.81,0.1],"midColorNight":[1,0.91,0.82,0.09],"bottomColorNight":[1,0.91,0.82,0.1],"topColorRight":[0.6015625,0.799224853515625,1,0.025390625],"midColorRight":[0.484375,0.67974853515625,1,0.029296875],"bottomColorRight":[0.4140625,0.636077880859375,1,0],"pointLights":[{"label":"light2","position":[-0.3599999999999991,1.0500000000000005,-0.4100000000000007],"size":0.62,"color":[0.16015625,1,0,1],"strength":0.22,"castShadow":false,"numShadowSamples":50,"shadowScale":0,"sizeMesh":0.2,"showLightMesh":false,"parentIndex":1}]}