{"mainLightColor":[1,0.799455598006466,0.61328125,1],"mainLightStrength":4.39,"topColor":[1,0.92,0.81,0.224609375],"midColor":[1,0.91,0.82,0.146484375],"bottomColor":[1,0.91,0.82,0.138671875],"topColorNight":[1,0.92,0.81,0.1],"midColorNight":[1,0.91,0.82,0.09],"bottomColorNight":[1,0.91,0.82,0.1],"topColorRight":[0.6015625,0.799224853515625,1,0.154296875],"midColorRight":[0.484375,0.67974853515625,1,0.060546875],"bottomColorRight":[0.4140625,0.636077880859375,1,0.037109375],"pointLights":[{"label":"computer","position":[2.8200000000000016,1.1900000000000006,-1.4700000000000062],"size":2,"color":[0,0.75390625,1,1],"strength":0.97,"castShadow":false,"numShadowSamples":2,"shadowScale":1,"sizeMesh":0.05,"showLightMesh":false,"parentIndex":2},{"label":"light2","position":[-0.4699999999999994,1.3599999999999992,-1.5100000000000018],"size":2.56,"color":[0.16015625,1,0,1],"strength":0.63,"castShadow":true,"numShadowSamples":50,"shadowScale":0,"sizeMesh":0,"showLightMesh":true,"parentIndex":1}]}