{"mainLightColor":[0.912109375,0.6153030140488701,0.31353759765625,1],"mainLightStrength":10.18,"topColor":[1,0.92,0.81,0.3],"midColor":[1,0.91,0.82,0.19],"bottomColor":[1,0.91,0.82,0.1],"pointLights":[]}
