{"mainLightColor1":[1,0.5844884216785431,0.359375,20],"mainLightColor2":[0.06446075439453125,0.23792120814323425,0.970703125,2.68],"mainLightColor3":[1,0,0,2.51],"mainLightColor4":[0,0.9555797576904297,1,1.86],"mainLightColor5":[1,0.5697475373744965,0.2890625,4.52],"mainLightColor6":[1,0.7095780819654465,0.45703125,2.15],"topColor":[1,0.7380003981516785,0.4140625,0.17580890655517578],"midColor":[1,0.767308556786829,0.5546875,0.08596515655517578],"bottomColor":[1,0.91,0.82,0.04690265655517578],"topColorRight":[0.6015625,0.799224853515625,1,0.021484375],"midColorRight":[0.484375,0.67974853515625,1,0.017578125],"bottomColorRight":[0.4140625,0.636077880859375,1,0],"pointLights":[{"label":"glowPantsLight","position":[-0.3999999999999988,1.2300000000000006,-0.46000000000000074],"size":0.76,"color":[0.16015625,1,0,1],"strength":0.5,"castShadow":false,"numShadowSamples":50,"shadowScale":0,"sizeMesh":0.07,"showLightMesh":false,"parentIndex":1},{"label":"millLight","position":[1.0700000000000007,1.2500000000000009,-1.640000000000001],"size":1.78,"color":[0.13043975830078125,0.32549044489860535,0.814453125,1],"strength":2.36,"castShadow":false,"numShadowSamples":1,"shadowScale":1,"sizeMesh":0.05,"showLightMesh":false,"parentIndex":2}]}