{"mainLightColor1":[1,0.6455802299959451,0.390625,19.6],"mainLightColor2":[0.06446075439453125,0.23792120814323425,0.970703125,2.68],"mainLightColor3":[1,0,0,2.51],"mainLightColor4":[0,0.9555797576904297,1,1.86],"topColor":[1,0.92,0.81,0.2043161392211914],"midColor":[1,0.91,0.82,0.1652536392211914],"bottomColor":[1,0.91,0.82,0.05605649948120117],"topColorNight":[1,0.92,0.81,0.1],"midColorNight":[1,0.91,0.82,0.09],"bottomColorNight":[1,0.91,0.82,0.1],"topColorRight":[0.6015625,0.799224853515625,1,0.025390625],"midColorRight":[0.484375,0.67974853515625,1,0.029296875],"bottomColorRight":[0.4140625,0.636077880859375,1,0],"pointLights":[{"label":"light2","position":[-0.3599999999999991,1.0500000000000005,-0.4100000000000007],"size":0.62,"color":[0.16015625,1,0,1],"strength":0.22,"castShadow":false,"numShadowSamples":50,"shadowScale":0,"sizeMesh":0.2,"showLightMesh":false,"parentIndex":1}]}