{"topColor":[1,0.92,0.81,0.3],"midColor":[1,0.91,0.82,0.19],"bottomColor":[1,0.91,0.82,0.1],"pointLights":[{"label":"RedLight","position":[-1.4600000000000006,0,-3],"size":3,"color":[0.919921875,0.0790557861328125,0.0790557861328125,1],"strength":10,"castShadow":true,"numShadowSamples":12,"shadowScale":0.6,"sizeMesh":0.05,"showLightMesh":true},{"label":"BlueLight","position":[1.1900000000000002,0.5799999999999998,-2.269999999999997],"size":3,"color":[0.0587158203125,0.6401400566101074,0.939453125,1],"strength":10,"castShadow":false,"numShadowSamples":10,"shadowScale":1,"sizeMesh":0.05,"showLightMesh":true},{"label":"GreenLight","position":[0.13,-0.7100000000000004,-1.740000000000005],"size":1.51,"color":[0.41641953587532043,0.833984375,0.32251739501953125,1],"strength":10,"castShadow":true,"numShadowSamples":3,"shadowScale":1,"sizeMesh":0.05,"showLightMesh":true}]}