{"topColor":[1,0.92,0.81,0.3],"midColor":[1,0.91,0.82,0.19],"bottomColor":[1,0.91,0.82,0.1],"pointLights":[{"label":"BlueLight","position":[1.6200000000000017,0.29999999999999927,-1.9199999999999953],"size":3.09,"color":[0.0587158203125,0.6401400566101074,0.939453125,1],"strength":10,"castShadow":false,"numShadowSamples":10,"shadowScale":1,"sizeMesh":0.05,"showLightMesh":false},{"label":"GreenLight","position":[-0.5900000000000005,-0.4500000000000004,-0.3700000000000016],"size":1.46,"color":[0.41641953587532043,0.833984375,0.32251739501953125,1],"strength":10,"castShadow":false,"numShadowSamples":3,"shadowScale":1,"sizeMesh":0.05,"showLightMesh":false}]}
