{"mainLightColor":[0.912109375,0.6153030140488701,0.31353759765625,1],"mainLightStrength":20,"topColor":[1,0.92,0.81,0.056640625],"midColor":[1,0.91,0.82,0.068359375],"bottomColor":[1,0.91,0.82,0.033203125],"pointLights":[{"label":"computer","position":[2.8200000000000016,1.1900000000000006,-1.4700000000000062],"size":2,"color":[0,0.75390625,1,1],"strength":0.97,"castShadow":false,"numShadowSamples":2,"shadowScale":1,"sizeMesh":0.05,"showLightMesh":false,"parentIndex":2},{"label":"light2","position":[-0.4699999999999994,1.3599999999999992,-1.5100000000000018],"size":2.56,"color":[0.16015625,1,0,1],"strength":0.63,"castShadow":true,"numShadowSamples":50,"shadowScale":0,"sizeMesh":0,"showLightMesh":true,"parentIndex":1}]}